Workbook

Sheet bang phan nhom (3)
A1: Mã nhóm | B1: Nhóm
A2: 01010401 | B2: PHÔ MAI
A3: 01010401 | B3: BƠ
A4: 01010203 | B4: BỘT SEMOLINA & ĐẬU KHÔ - RAU
A5: 01010204 | B5: THỰC PHẨM TIỆN LỢI
A6: 01010601 | B6: MÌ/ĐẬU PHỤ
A7: 01010403 | B7: TRỨNG
A8: 01010201 | B8: MÌ - MÌ ỐNG - GẠO
A9: 01020201 | B9: THỊT CHẾ BIẾN SẴN
A10: 01020801 | B10: ĐẬU PHỤ TƯƠI
A11: 01020802 | B11: TRỨNG
A12: 01020803 | B12: SỮA CHUA TƯƠI
... A277: 010101010603 | B277: MỨT - MẬT ONG - SIRÔ

Sheet bang phan nhom (2)
A1: Mã nhóm | B1: STT
A2: 020201010106 | B2: 58
A3: 020201010105 | B3: 58
A4: 020201010104 | B4: 58
A5: 020201010103 | B5: 58
A6: 020201010102 | B6: 58
A7: 020201010101 | B7: 58
A8: 0202010101 | B8: 58
A9: 02020101 | B9: 58
A10: 020103010105 | B10: 56
A11: 020103010104 | B11: 56
A12: 020103010103 | B12: 56
A13: 020103010102 | B13: 56
... A224: 0101010101 | B224: 41

Sheet bang phan nhom
A1: Mã nhóm | B1: Nhóm | C1: STT
A2: 01010401 | B2: PHÔ MAI | C2: =VLOOKUP(LOWER(B2),'thu tu nhom'!$B$2:$C$63,2,0) -> 15
A3: 01010401 | B3: BƠ | C3: =VLOOKUP(LOWER(B3),'thu tu nhom'!$B$2:$C$63,2,0) -> 16
A4: 01010203 | B4: BỘT SEMOLINA & ĐẬU KHÔ - RAU | C4: =VLOOKUP(LOWER(B4),'thu tu nhom'!$B$2:$C$63,2,0) -> 29
A5: 01010204 | B5: THỰC PHẨM TIỆN LỢI | C5: =VLOOKUP(LOWER(B5),'thu tu nhom'!$B$2:$C$63,2,0) -> 25
A6: 01010601 | B6: MÌ/ĐẬU PHỤ | C6: =VLOOKUP(LOWER(B6),'thu tu nhom'!$B$2:$C$63,2,0) -> 28
A7: 01010403 | B7: TRỨNG | C7: =VLOOKUP(LOWER(B7),'thu tu nhom'!$B$2:$C$63,2,0) -> 2
A8: 01010201 | B8: MÌ - MÌ ỐNG - GẠO | C8: =VLOOKUP(LOWER(B8),'thu tu nhom'!$B$2:$C$63,2,0) -> 12
A9: 01020201 | B9: THỊT CHẾ BIẾN SẴN | C9: =VLOOKUP(LOWER(B9),'thu tu nhom'!$B$2:$C$63,2,0) -> 26
A10: 01020801 | B10: ĐẬU PHỤ TƯƠI | C10: =VLOOKUP(LOWER(B10),'thu tu nhom'!$B$2:$C$63,2,0) -> 14
A11: 01020802 | B11: TRỨNG | C11: =VLOOKUP(LOWER(B11),'thu tu nhom'!$B$2:$C$63,2,0) -> 2
A12: 01020803 | B12: SỮA CHUA TƯƠI | C12: =VLOOKUP(LOWER(B12),'thu tu nhom'!$B$2:$C$63,2,0) -> 17
A13: 01020804 | B13: PHÔ MAI TƯƠI | C13: =VLOOKUP(LOWER(B13),'thu tu nhom'!$B$2:$C$63,2,0) -> 18
... A277: 010101010603 | B277: MỨT - MẬT ONG - SIRÔ | C277: =VLOOKUP(LOWER(B277),'thu tu nhom'!$B$2:$C$63,2,0) -> 42

Sheet Sheet13
A1: Mã nhóm | B1: Nhóm
A2: 020201010106 | B2: POSM
A3: 020201010105 | B3: POSM
A4: 020201010104 | B4: POSM
A5: 020201010103 | B5: POSM
A6: 020201010102 | B6: POSM
A7: 020201010101 | B7: POSM
A8: 0202010101 | B8: POSM
A9: 02020101 | B9: POSM
A10: 020103010105 | B10: VỆ SINH
A11: 020103010104 | B11: VỆ SINH
A12: 020103010103 | B12: VỆ SINH
... A234: 0101010101 | B234: BÁNH QUY

Sheet thu tu nhom
A1: Nhóm Thực Phẩm | B1: =LOWER(A1) -> nhóm thực phẩm | C1: STT
A2: Sữa tươi tiệt trùng | B2: =LOWER(A2) -> sữa tươi tiệt trùng | C2: 1
A3: Trứng | B3: =LOWER(A3) -> trứng | C3: 2
A4: Bánh mì | B4: =LOWER(A4) -> bánh mì | C4: 3
A5: Thịt bò | B5: =LOWER(A5) -> thịt bò | C5: 4
A6: Thịt lợn | B6: =LOWER(A6) -> thịt lợn | C6: 5
A7: Thịt khác | B7: =LOWER(A7) -> thịt khác | C7: 6
A8: Gia cầm | B8: =LOWER(A8) -> gia cầm | C8: 7
A9: Hải sản | B9: =LOWER(A9) -> hải sản | C9: 8
A10: Cá | B10: =LOWER(A10) -> cá | C10: 9
A11: Rau củ | B11: =LOWER(A11) -> rau củ | C11: 10
A12: Trái cây | B12: =LOWER(A12) -> trái cây | C12: 11
A13: Mì - Mì ống - Gạo | B13: =LOWER(A13) -> mì - mì ống - gạo | C13: 12
... A62: Rượu | B62: =LOWER(A62) -> rượu | C62: 61

Sheet Sheet8
A1: Code | B1: Description
A2: 101030103 | B2: BIA
A3: 101030101 | B3: RƯỢU
A4: 101030102 | B4: RƯỢU VANG
A5: 101010401 | B5: THỰC PHẨM CHO TRẺ EM
A6: 101010402 | B6: SIÊU THỰC PHẨM
A7: 101040102 | B7: PHÔ MAI
A8: 101040101 | B8: BƠ
A9: 101020301 | B9: BỘT & ĐẬU KHÔ - RAU
A10: 101020302 | B10: SẢN PHẨM ĐÓNG HỘP
A11: 101010107 | B11: NGUYÊN LIỆU NẤU ĂN
A12: 101010104 | B12: NGŨ CỐC
... A64: 202010101 | B64: POSM

Sheet Sheet3
A1: CẤP 4 | B1: CATEGORY | C1: Nhóm
A2: 01010401 | B2: CHEESE | C2: PHÔ MAI
A3: 01010401 | B3: BUTTER | C3: BƠ
A4: 01010203 | B4: SEMOLINA & DRIED BEAN -VEGETABLE | C4: BỘT SEMOLINA & ĐẬU KHÔ - RAU
A5: 01010204 | B5: CONVENIENT FOOD | C5: THỰC PHẨM TIỆN LỢI
A6: 01010601 | B6: NOODLE/TOFU | C6: MÌ/ĐẬU PHỤ
A7: 01010403 | B7: EGGS | C7: TRỨNG
A8: 01010201 | B8: NOODLE - PASTA - RICE | C8: MÌ - MÌ ỐNG - GẠO
A9: 01020201 | B9: PROCESSED MEAT | C9: THỊT CHẾ BIẾN SẴN
A10: 01020801 | B10: FRESH TOFU | C10: ĐẬU PHỤ TƯƠI
A11: 01020802 | B11: FRESH EGG | C11: TRỨNG TƯƠI
A12: 01020803 | B12: FRESH YOGURT | C12: SỮA CHUA TƯƠI
... A277: 010101010603 | B277: JAM - HONEY - SYRUP | C277: MỨT - MẬT ONG - SIRÔ
