Workbook

Sheet Sheet1
A1: Mã nhóm | B1: Tên nhóm shopeefood | C1: Thứ tự
A2: 010201020103 | B2: 'RAU CỦ' | C2: =VLOOKUP(B2,'thứ tự'!$B$2:$C$54,2,0) -> 1
A3: 010201020102 | B3: 'RAU CỦ' | C3: =VLOOKUP(B3,'thứ tự'!$B$2:$C$54,2,0) -> 1
A4: 010201020101 | B4: 'RAU CỦ' | C4: =VLOOKUP(B4,'thứ tự'!$B$2:$C$54,2,0) -> 1
A5: 010201020104 | B5: 'RAU CỦ' | C5: =VLOOKUP(B5,'thứ tự'!$B$2:$C$54,2,0) -> 1
A6: 010201020106 | B6: 'RAU CỦ' | C6: =VLOOKUP(B6,'thứ tự'!$B$2:$C$54,2,0) -> 1
A7: 010102010201 | B7: 'RAU CỦ' | C7: =VLOOKUP(B7,'thứ tự'!$B$2:$C$54,2,0) -> 1
A8: 010201020105 | B8: 'RAU CỦ' | C8: =VLOOKUP(B8,'thứ tự'!$B$2:$C$54,2,0) -> 1
A9: 010106020101 | B9: 'RAU CHẾ BIẾN SẴN' | C9: =VLOOKUP(B9,'thứ tự'!$B$2:$C$54,2,0) -> 2
A10: 010201010101 | B10: 'TRÁI CÂY' | C10: =VLOOKUP(B10,'thứ tự'!$B$2:$C$54,2,0) -> 3
A11: 010201010102 | B11: 'TRÁI CÂY' | C11: =VLOOKUP(B11,'thứ tự'!$B$2:$C$54,2,0) -> 3
A12: 010203010101 | B12: 'CÁ' | C12: =VLOOKUP(B12,'thứ tự'!$B$2:$C$54,2,0) -> 4
A13: 010203010102 | B13: 'CÁ' | C13: =VLOOKUP(B13,'thứ tự'!$B$2:$C$54,2,0) -> 4
... A158: 010101040101 | B158: 'THỰC PHẨM CHO TRẺ EM' | C158: =VLOOKUP(B158,'thứ tự'!$B$2:$C$54,2,0) -> 53

Sheet thứ tự
A1: Mã nhóm | B1: Tên nhóm shopeefood
A2: 010201020103 | B2: 'RAU CỦ' | C2: 1
A3: 010106020101 | B3: 'RAU CHẾ BIẾN SẴN' | C3: 2
A4: 010201010101 | B4: 'TRÁI CÂY' | C4: 3
A5: 010203010101 | B5: 'CÁ' | C5: 4
A6: 010202010102 | B6: 'THỊT BÒ' | C6: 5
A7: 010203010201 | B7: 'HẢI SẢN' | C7: 6
A8: 010202010301 | B8: 'GIA CẦM' | C8: 7
A9: 010202010201 | B9: 'THỊT LỢN' | C9: 8
A10: 010202010401 | B10: 'THỊT KHÁC' | C10: 9
A11: 010204010101 | B11: 'BÁNH MÌ' | C11: 10
A12: 010106010202 | B12: 'ĐẬU PHỤ' | C12: 11
A13: 010104030101 | B13: 'TRỨNG' | C13: 12
... A54: 010101040103 | B54: 'THỰC PHẨM CHO TRẺ EM' | C54: 53
